
INSERT INTO DRZAVA(OZNAKA_DRZAVA, NAZIV_DRZAVA)
VALUES ('SRB','Srbija'), ('CRO','Hrvatska');


INSERT INTO MESTO(ID_DRZAVA,OZNAKA_MESTA,NAZIV_MESTA,POST_BR)
VALUES (1, 'NS','Novi Sad', 21000),(1,'IN','Indjija',22320),(2,'ZG','Zagreb',10200),(1,'BG','Beograd',11000),
(1,'SO','Sombor',25000);

INSERT INTO PREDUZECE(ID_MESTO, NAZIV_PREDUZECA, PIB_PREDUZECA, ADRESA_PREDUZECA)
VALUES ( 1, 'Gradjevniska firma', 212121, 'Nepoznata');

INSERT INTO PREDUZECE( ID_MESTO, NAZIV_PREDUZECA, PIB_PREDUZECA, ADRESA_PREDUZECA)
VALUES ( 2, 'Stovariste Breza', 213233, 'Brezina');


INSERT INTO SEKTOR(ID_PREDUZECA, NAZIV_SEKTORA)
VALUES (1, 'Magacinsko poslovanje 1'),(1,'Vocna prerada');

INSERT INTO SEKTOR(ID_PREDUZECA, NAZIV_SEKTORA)
VALUES (2,'Transport'),(2,'Gradjevinski materijal');


INSERT INTO RADNIK( ID_PREDUZECA, IME_RADNIKA, PREZIME_RADNIKA)
VALUES (1, 'Milko', 'Milkov');

INSERT INTO RADNIK( ID_PREDUZECA, IME_RADNIKA, PREZIME_RADNIKA)
VALUES ( 2, 'Toma', 'Milkic'), (2,'Marko','Markovic');


INSERT INTO JEDINICA_MERE(NAZIV_JEDINICE)
VALUES ('kg');

INSERT INTO JEDINICA_MERE(NAZIV_JEDINICE)
VALUES ('g');

INSERT INTO JEDINICA_MERE(NAZIV_JEDINICE)
VALUES ('l');

INSERT INTO JEDINICA_MERE(NAZIV_JEDINICE)
VALUES ('kom');


INSERT INTO GRUPA_ARTIKALA(NAZIV_GRUPE)
VALUES ( 'Voce');

INSERT INTO GRUPA_ARTIKALA(NAZIV_GRUPE)
VALUES ('Plastika');

INSERT INTO POSLOVNI_PARTNER(ID_MESTO,TIP_PARTNERA,NAZIV_PARTNERA,PIB_PARTNERA,ADRESA_PARTNERA,TELEFON_PARTNERA)
VALUES ( 2, 'DO','Malinarnica Jankovic',123456789,'Novosadski put BB',022557777);

INSERT INTO POSLOVNI_PARTNER(ID_MESTO,TIP_PARTNERA,NAZIV_PARTNERA,PIB_PARTNERA,ADRESA_PARTNERA,TELEFON_PARTNERA)
VALUES ( 3, 'KU','Partner 1',555555555,'Ulica 1',058888888);

INSERT INTO SIFRARNIK_ARTIKALA( ID_GRUPE, ID_JEDINICE,NAZIV_ARTIKAL)
VALUES (1,1,'Banana'),(1,1,'Malina'),(2,4,'Lavor'),(2,4,'Cinija');

INSERT INTO POSLOVNA_GODINA(ID_PREDUZECA,GODINA,ZAKLJUCENA_)
VALUES (1,'2016',0),(2,'2016',0);


INSERT INTO MAGACIN(ID_PREDUZECA,ID_SEKTORA,NAZIV_MAGACINA)
VALUES (1,1,'Magacin 1'),(1,2,'Magacin 2'),(2,3,'Magacin 11');




